energy_kev,rate_per_kev_kg_day
1.0,9.078627961089034e-05
1.0990990990990992,8.998086291268363e-05
1.1981981981981982,8.91817527650874e-05
1.2972972972972974,8.838891012336122e-05
1.3963963963963963,8.760229604199763e-05
1.4954954954954955,8.682187167693865e-05
1.5945945945945947,8.604759828773401e-05
1.6936936936936937,8.527943723964715e-05
1.7927927927927927,8.451735000571007e-05
1.8918918918918919,8.376129816872182e-05
1.990990990990991,8.301124342320109e-05
2.09009009009009,8.2267147577286e-05
2.1891891891891895,8.152897255458343e-05
2.288288288288288,8.079668039597184e-05
2.3873873873873874,8.007023326135503e-05
2.4864864864864864,7.934959343136826e-05
2.5855855855855854,7.86347233090384e-05
2.684684684684685,7.79255854213989e-05
2.7837837837837838,7.722214242105822e-05
2.8828828828828827,7.652435708772574e-05
2.981981981981982,7.583219232969328e-05
3.081081081081081,7.514561118527257e-05
3.18018018018018,7.446457682419211e-05
3.279279279279279,7.378905254895346e-05
3.3783783783783785,7.311900179614264e-05
3.4774774774774775,7.245438813770598e-05
3.5765765765765765,7.179517528218312e-05
3.675675675675676,7.114132707590294e-05
3.774774774774775,7.049280750414039e-05
3.873873873873874,6.984958069223605e-05
3.972972972972973,6.92116109066783e-05
4.072072072072072,6.857886255614937e-05
4.171171171171171,6.795130019253554e-05
4.27027027027027,6.732888851190183e-05
4.36936936936937,6.67115923554331e-05
4.468468468468469,6.609937671033956e-05
4.5675675675675675,6.549220671072966e-05
4.666666666666666,6.489004763845047e-05
4.7657657657657655,6.429286492389447e-05
4.864864864864865,6.3700624146776e-05
4.963963963963964,6.311329103687557e-05
5.063063063063063,6.253083147475312e-05
5.162162162162162,6.195321149243224e-05
5.261261261261262,6.138039727405344e-05
5.36036036036036,6.081235515649919e-05
5.45945945945946,6.024905162998974e-05
5.558558558558558,5.969045333865115e-05
5.657657657657658,5.9136527081055414e-05
5.756756756756757,5.85872398107333e-05
5.8558558558558556,5.804255863666073e-05
5.954954954954955,5.750245082371911e-05
6.054054054054054,5.6966883793129084e-05
6.153153153153153,5.643582512286001e-05
6.252252252252252,5.590924254801353e-05
6.351351351351352,5.53871039611841e-05
6.45045045045045,5.486937741279383e-05
6.54954954954955,5.435603111140527e-05
6.648648648648649,5.384703342401042e-05
6.747747747747748,5.3342352876297036e-05
6.846846846846847,5.284195815289283e-05
6.945945945945946,5.234581809758798e-05
7.045045045045045,5.185390171353571e-05
7.1441441441441444,5.136617816343239e-05
7.243243243243243,5.0882616769676474e-05
7.342342342342342,5.040318701450754e-05
7.441441441441442,4.992785854012544e-05
7.54054054054054,4.945660114878967e-05
7.63963963963964,4.8989384802899764e-05
7.738738738738739,4.8526179625057066e-05
7.837837837837838,4.806695589810797e-05
7.936936936936937,4.761168406516903e-05
8.036036036036036,4.716033472963464e-05
8.135135135135135,4.6712878655167047e-05
8.234234234234235,4.6269286765669696e-05
8.333333333333332,4.582953014524367e-05
8.432432432432432,4.539358003812787e-05
8.531531531531531,4.496140784862328e-05
8.63063063063063,4.453298514100146e-05
8.72972972972973,4.4108283639397585e-05
8.82882882882883,4.3687275227688835e-05
8.927927927927929,4.326993194935743e-05
9.027027027027026,4.285622600733977e-05
9.126126126126126,4.244612976386128e-05
9.225225225225225,4.203961574025714e-05
9.324324324324325,4.163665661677999e-05
9.423423423423424,4.1237225232393945e-05
9.522522522522523,4.0841294584555775e-05
9.621621621621621,4.044883782898351e-05
9.72072072072072,4.005982827941231e-05
9.81981981981982,3.967423940733867e-05
9.91891891891892,3.929204484175212e-05
10.018018018018019,3.8913218368855975e-05
10.117117117117116,3.8537733931776194e-05
10.216216216216216,3.816556563025932e-05
10.315315315315315,3.779668772035965e-05
10.414414414414415,3.7431074614115675e-05
10.513513513513514,3.70687008792162e-05
10.612612612612613,3.670954123865631e-05
10.711711711711711,3.63535705703835e-05
10.81081081081081,3.6000763906934116e-05
10.90990990990991,3.565109643506029e-05
11.00900900900901,3.5304543495347895e-05
11.108108108108109,3.496108058182526e-05
11.207207207207206,3.4620683341563257e-05
11.306306306306306,3.428332757426694e-05
11.405405405405405,3.3948989231858484e-05
11.504504504504505,3.3617644418052584e-05
11.603603603603604,3.328926938792334e-05
11.702702702702704,3.296384054746377e-05
11.801801801801801,3.264133445313787e-05
11.9009009009009,3.232172781142491e-05
12.0,3.20049974783572e-05
12.0990990990991,3.1691120459050475e-05
12.198198198198199,3.138007390722767e-05
12.297297297297298,3.1071835124736185e-05
12.396396396396396,3.076638156105871e-05
12.495495495495495,3.0463690812817797e-05
12.594594594594595,3.0163740623274517e-05
12.693693693693694,2.986650888182114e-05
12.792792792792794,2.957197362346827e-05
12.891891891891891,2.9280113028326256e-05
12.99099099099099,2.899090542108141e-05
13.09009009009009,2.8704329270466993e-05
13.18918918918919,2.842036318872919e-05
13.288288288288289,2.8138985931088064e-05
13.387387387387388,2.786017639519398e-05
13.486486486486486,2.7583913620579354e-05
13.585585585585585,2.731017678810593e-05
13.684684684684685,2.7038945219407936e-05
13.783783783783784,2.67701983763309e-05
13.882882882882884,2.6503915860366716e-05
13.981981981981981,2.6240077412084602e-05
14.08108108108108,2.5978662910558543e-05
14.18018018018018,2.5719652372791068e-05
14.27927927927928,2.5463025953133573e-05
14.378378378378379,2.5208763942703313e-05
14.477477477477478,2.4956846768797346e-05
14.576576576576576,2.4707254994303178e-05
14.675675675675675,2.445996931710665e-05
14.774774774774775,2.4214970569496987e-05
14.873873873873874,2.3972239717569034e-05
14.972972972972974,2.3731757860623023e-05
15.072072072072071,2.3493506230561912e-05
15.17117117117117,2.325746619128613e-05
15.27027027027027,2.3023619238086477e-05
15.36936936936937,2.279194699703444e-05
15.468468468468469,2.256243122437089e-05
15.567567567567568,2.2335053805892578e-05
15.666666666666666,2.210979675633701e-05
15.765765765765765,2.1886642218765442e-05
15.864864864864865,2.1665572463944392e-05
15.963963963963964,2.144656988972556e-05
16.063063063063062,2.1229617020424435e-05
16.16216216216216,2.1014696506197395e-05
16.26126126126126,2.080179112241776e-05
16.36036036036036,2.0590883769050683e-05
16.45945945945946,2.0381957470026834e-05
16.55855855855856,2.0174995372615284e-05
16.65765765765766,1.9969980746795528e-05
16.756756756756758,1.9766896984628592e-05
16.855855855855857,1.956572759962752e-05
16.954954954954957,1.9366456226127217e-05
17.054054054054053,1.9169066618653765e-05
17.153153153153152,1.8973542651293227e-05
17.25225225225225,1.877986831706011e-05
17.35135135135135,1.8588027727265588e-05
17.45045045045045,1.839800511088522e-05
17.54954954954955,1.8209784813926826e-05
17.64864864864865,1.8023351298798123e-05
17.74774774774775,1.7838689143674236e-05
17.846846846846848,1.7655783041865415e-05
17.945945945945947,1.747461780118485e-05
18.045045045045047,1.7295178343316538e-05
18.144144144144143,1.7117449703183548e-05
18.243243243243242,1.6941417028316423e-05
18.34234234234234,1.6767065578222137e-05
18.44144144144144,1.6594380723753258e-05
18.54054054054054,1.642334794647792e-05
18.63963963963964,1.6253952838049905e-05
18.73873873873874,1.6086181099579792e-05
18.83783783783784,1.5920018541006316e-05
18.936936936936938,1.57554510804689e-05
19.036036036036037,1.5592464743680462e-05
19.135135135135137,1.543104566330156e-05
19.234234234234233,1.5271180078314887e-05
19.333333333333332,1.5112854333401107e-05
19.43243243243243,1.4956054878315443e-05
19.53153153153153,1.4800768267265315e-05
19.63063063063063,1.4646981158289069e-05
19.72972972972973,1.4494680312635874e-05
19.82882882882883,1.4343852594146535e-05
19.92792792792793,1.4194484968635896e-05
20.027027027027028,1.4046564503276054e-05
20.126126126126128,1.3900078365981248e-05
20.225225225225227,1.3755013824793747e-05
20.324324324324323,1.361135824727133e-05
20.423423423423422,1.3469099099876045e-05
20.52252252252252,1.3328223947364493e-05
20.62162162162162,1.3188720452179492e-05
20.72072072072072,1.3050576373843332e-05
20.81981981981982,1.291377956835258e-05
20.91891891891892,1.2778317987574445e-05
21.01801801801802,1.264417967864476e-05
21.117117117117118,1.2511352783367536e-05
21.216216216216218,1.2379825537616472e-05
21.315315315315317,1.2249586270737817e-05
21.414414414414413,1.2120623404955256e-05
21.513513513513512,1.1992925454776382e-05
21.61261261261261,1.1866481026401165e-05
21.71171171171171,1.1741278817132036e-05
21.81081081081081,1.1617307614786028e-05
21.90990990990991,1.1494556297108629e-05
22.00900900900901,1.1373013831189718e-05
22.10810810810811,1.1252669272881283e-05
22.207207207207208,1.113351176621719e-05
22.306306306306308,1.1015530542834937e-05
22.405405405405407,1.0898715951900792e-05
22.504504504504506,1.0783058528241727e-05
22.603603603603602,1.066854768374661e-05
22.7027027027027,1.0555172916480273e-05
22.8018018018018,1.044292381144941e-05
22.9009009009009,1.0331790039977405e-05
23.0,1.022176135908281e-05
23.0990990990991,1.0112827610861833e-05
23.1981981981982,1.000497872187431e-05
23.2972972972973,9.89820470253354e-06
23.396396396396398,9.792495646499726e-06
23.495495495495497,9.68784173007708e-06
23.594594594594597,9.584233211614506e-06
23.693693693693692,9.48166043091e-06
23.792792792792792,9.380113808618403e-06
23.89189189189189,9.279583845662933e-06
23.99099099099099,9.180061122650083e-06
24.09009009009009,9.081536299288092e-06
24.18918918918919,8.98400011380886e-06
24.28828828828829,8.887443382393287e-06
24.38738738738739,8.791856998600173e-06
24.486486486486488,8.697231932798369e-06
24.585585585585587,8.60355923160241e-06
24.684684684684687,8.510830017311556e-06
24.783783783783782,8.41903548735207e-06
24.882882882882882,8.328166913722976e-06
24.98198198198198,8.238215642444996e-06
25.08108108108108,8.149173093012931e-06
25.18018018018018,8.061030757851174e-06
25.27927927927928,7.97378020177264e-06
25.37837837837838,7.887413061440796e-06
25.47747747747748,7.801921044835048e-06
25.576576576576578,7.717295930719287e-06
25.675675675675677,7.633529568113656e-06
25.774774774774777,7.550613875769451e-06
25.873873873873872,7.468540841647299e-06
25.972972972972972,7.387302522398341e-06
26.07207207207207,7.306891042848722e-06
26.17117117117117,7.227298595487105e-06
26.27027027027027,7.1485174399552665e-06
26.36936936936937,7.070539902541902e-06
26.46846846846847,6.9933583756794264e-06
26.56756756756757,6.91696531744388e-06
26.666666666666668,6.841353251057862e-06
26.765765765765767,6.766514764396556e-06
26.864864864864867,6.692442509496729e-06
26.963963963963963,6.619129202068786e-06
27.063063063063062,6.546567621011796e-06
27.16216216216216,6.474750607931559e-06
27.26126126126126,6.403671066661564e-06
27.36036036036036,6.333321962787029e-06
27.45945945945946,6.263696323171758e-06
27.55855855855856,6.194787235488057e-06
27.65765765765766,6.126587847749518e-06
27.756756756756758,6.0590913678466804e-06
27.855855855855857,5.992291063085708e-06
27.954954954954957,5.926180259729821e-06
28.054054054054053,5.860752342543729e-06
28.153153153153152,5.7960007543408165e-06
28.25225225225225,5.731918995533284e-06
28.35135135135135,5.668500623685047e-06
28.45045045045045,5.605739253067517e-06
28.54954954954955,5.5436285542182065e-06
28.64864864864865,5.482162253502061e-06
28.74774774774775,5.421334132675699e-06
28.846846846846848,5.361138028454342e-06
28.945945945945947,5.301567832081557e-06
29.045045045045047,5.242617488901772e-06
29.144144144144143,5.184280997935474e-06
29.243243243243242,5.1265524114572365e-06
29.34234234234234,5.0694258345763725e-06
29.44144144144144,5.012895424820394e-06
29.54054054054054,4.956955391721093e-06
29.63963963963964,4.901599996403361e-06
29.73873873873874,4.846823551176667e-06
29.83783783783784,4.792620419129212e-06
29.936936936936938,4.738985013724715e-06
30.036036036036037,4.685911798401882e-06
30.135135135135137,4.633395286176474e-06
30.234234234234233,4.581430039245993e-06
30.333333333333332,4.530010668597027e-06
30.43243243243243,4.479131833615114e-06
30.53153153153153,4.42878824169727e-06
30.63063063063063,4.378974647867017e-06
30.72972972972973,4.329685854392059e-06
30.82882882882883,4.280916710404423e-06
30.92792792792793,4.232662111523219e-06
31.027027027027028,4.184916999479855e-06
31.126126126126128,4.137676361745837e-06
31.225225225225227,4.090935231163035e-06
31.324324324324326,4.0446886855764465e-06
31.423423423423422,3.998931847469469e-06
31.52252252252252,3.953659883601603e-06
31.62162162162162,3.908868004648668e-06
31.72072072072072,3.864551464845428e-06
31.81981981981982,3.820705561630659e-06
31.91891891891892,3.777325635294666e-06
32.01801801801802,3.7344070686291884e-06
32.11711711711712,3.691945286579732e-06
32.21621621621622,3.649935755900299e-06
32.31531531531532,3.608373984810438e-06
32.414414414414416,3.5672555226547534e-06
32.513513513513516,3.5265759595647177e-06
32.61261261261261,3.4863309261228445e-06
32.711711711711715,3.4465160930291763e-06
32.81081081081081,3.4071271707701614e-06
32.90990990990991,3.368159909289747e-06
33.009009009009006,3.329610097662878e-06
33.108108108108105,3.2914735637711893e-06
33.207207207207205,3.2537461739810526e-06
33.306306306306304,3.2164238328238635e-06
33.4054054054054,3.1795024826785552e-06
33.5045045045045,3.142978103456418e-06
33.6036036036036,3.1068467122880938e-06
33.7027027027027,3.0711043632128475e-06
33.8018018018018,3.0357471468699902e-06
33.9009009009009,3.000771190192557e-06
34.0,2.966172656103144e-06
34.0990990990991,2.931947743211927e-06
34.1981981981982,2.8980926855168496e-06
34.2972972972973,2.864603752105972e-06
34.3963963963964,2.831477246861944e-06
34.4954954954955,2.7987095081686347e-06
34.5945945945946,2.7662969086198594e-06
34.693693693693696,2.7342358547302426e-06
34.792792792792795,2.7025227866481655e-06
34.891891891891895,2.6711541778707796e-06
34.990990990990994,2.64012653496115e-06
35.090090090090094,2.609436397267418e-06
35.18918918918919,2.57908033664402e-06
35.288288288288285,2.5490549571749854e-06
35.387387387387385,2.519356894899225e-06
35.486486486486484,2.4899828175378648e-06
35.585585585585584,2.4609294242235765e-06
35.68468468468468,2.4321934452319223e-06
35.78378378378378,2.403771641714667e-06
35.88288288288288,2.375660805435077e-06
35.98198198198198,2.347857758505199e-06
36.08108108108108,2.320359353125047e-06
36.18018018018018,2.2931624713237926e-06
36.27927927927928,2.2662640247028524e-06
36.37837837837838,2.239660954180885e-06
36.47747747747748,2.213350229740739e-06
36.57657657657658,2.187328850178262e-06
36.67567567567568,2.1615938428530245e-06
36.77477477477478,2.1361422634409025e-06
36.873873873873876,2.1109711956885463e-06
36.972972972972975,2.0860777511696773e-06
37.072072072072075,2.0614590690432602e-06
37.171171171171174,2.0371123158135013e-06
37.270270270270274,2.013034685091645e-06
37.36936936936937,1.989223397359626e-06
37.468468468468465,1.9656756997354924e-06
37.567567567567565,1.9423888657406176e-06
37.666666666666664,1.919360195068733e-06
37.765765765765764,1.8965870133566822e-06
37.86486486486486,1.8740666719569538e-06
37.96396396396396,1.8517965477119802e-06
38.06306306306306,1.8297740427301525e-06
38.16216216216216,1.8079965841635606e-06
38.26126126126126,1.7864616239874784e-06
38.36036036036036,1.7651666387815244e-06
38.45945945945946,1.7441091295125472e-06
38.55855855855856,1.7232866213191598e-06
38.65765765765766,1.7026966632979988e-06
38.75675675675676,1.6823368282916092e-06
38.85585585585586,1.6622047126779966e-06
38.95495495495496,1.642297936161826e-06
39.054054054054056,1.622614141567263e-06
39.153153153153156,1.6031509946324207e-06
39.252252252252255,1.5839061838054407e-06
39.351351351351354,1.5648774200421588e-06
39.450450450450454,1.5460624366053732e-06
39.54954954954955,1.5274589888657122e-06
39.648648648648646,1.5090648541040424e-06
39.747747747747745,1.4908778313154731e-06
39.846846846846844,1.4728957410148858e-06
39.945945945945944,1.4551164250440326e-06
40.04504504504504,1.4375377463801576e-06
40.14414414414414,1.420157588946129e-06
40.24324324324324,1.4029738574221126e-06
40.34234234234234,1.3859844770587268e-06
40.44144144144144,1.3691873934916972e-06
40.54054054054054,1.3525805725580111e-06
40.63963963963964,1.3361620001135164e-06
40.73873873873874,1.3199296818520203e-06
40.83783783783784,1.303881643125813e-06
40.93693693693694,1.2880159287676608e-06
41.03603603603604,1.272330602914223e-06
41.13513513513514,1.256823748830895e-06
41.234234234234236,1.2414934687380794e-06
41.333333333333336,1.2263378836388535e-06
41.432432432432435,1.2113551331480338e-06
41.531531531531535,1.1965433753226524e-06
41.630630630630634,1.1819007864937763e-06
41.72972972972973,1.1674255610997327e-06
41.828828828828826,1.1531159115206752e-06
41.927927927927925,1.1389700679144997e-06
42.027027027027025,1.124986278054118e-06
42.126126126126124,1.1111628071660586e-06
42.22522522522522,1.0974979377703876e-06
42.32432432432432,1.08398996952194e-06
42.42342342342342,1.0706372190528824e-06
42.52252252252252,1.0574380198165448e-06
42.62162162162162,1.0443907219325475e-06
42.72072072072072,1.0314936920332301e-06
42.81981981981982,1.0187453131113188e-06
42.91891891891892,1.006143984368869e-06
43.01801801801802,9.936881210674754e-07
43.11711711711712,9.813761543797017e-07
43.21621621621622,9.692065312417657e-07
43.31531531531532,9.57177714207432e-07
43.414414414414416,9.452881813031479e-07
43.513513513513516,9.335364258843635e-07
43.612612612612615,9.219209564930781e-07
43.711711711711715,9.104402967165498e-07
43.810810810810814,8.990929850472209e-07
43.90990990990991,8.878775747437947e-07
44.00900900900901,8.767926336934922e-07
44.108108108108105,8.658367442754647e-07
44.207207207207205,8.550085032253588e-07
44.306306306306304,8.443065215010145e-07
44.4054054054054,8.337294241493149e-07
44.5045045045045,8.232758501741543e-07
44.6036036036036,8.129444524055085e-07
44.7027027027027,8.027338973696453e-07
44.8018018018018,7.926428651604128e-07
44.9009009009009,7.82670049311627e-07
45.0,7.728141566705585e-07
45.0990990990991,7.630739072724755e-07
45.1981981981982,7.53448034216276e-07
45.2972972972973,7.439352835411649e-07
45.3963963963964,7.345344141044076e-07
45.4954954954955,7.2524419746011e-07
45.5945945945946,7.160634177390441e-07
45.693693693693696,7.069908715295131e-07
45.792792792792795,6.980253677592288e-07
45.891891891891895,6.891657275782025e-07
45.990990990990994,6.8041078424267e-07
46.090090090090094,6.717593829999789e-07
46.18918918918919,6.632103809745048e-07
46.288288288288285,6.547626470545274e-07
46.387387387387385,6.464150617801052e-07
46.486486486486484,6.381665172319056e-07
46.585585585585584,6.300159169210165e-07
46.68468468468468,6.21962175679694e-07
46.78378378378378,6.140042195530793e-07
46.88288288288288,6.061409856918392e-07
46.98198198198198,5.983714222457643e-07
47.08108108108108,5.906944882582718e-07
47.18018018018018,5.831091535618511e-07
47.27927927927928,5.756143986744071e-07
47.37837837837838,5.682092146965141e-07
47.47747747747748,5.608926032095827e-07
47.57657657657658,5.536635761748999e-07
47.67567567567568,5.465211558335751e-07
47.77477477477478,5.394643746073467e-07
47.873873873873876,5.324922750002827e-07
47.972972972972975,5.256039095013277e-07
48.072072072072075,5.187983404877212e-07
48.171171171171174,5.120746401292702e-07
48.270270270270274,5.054318902934546e-07
48.36936936936937,4.988691824513877e-07
48.468468468468465,4.923856175846051e-07
48.567567567567565,4.859803060926731e-07
48.666666666666664,4.796523677016255e-07
48.765765765765764,4.734009313732125e-07
48.86486486486486,4.6722513521495903e-07
48.96396396396396,4.61124126391011e-07
49.06306306306306,4.55097061033801e-07
49.16216216216216,4.4914310415647726e-07
49.26126126126126,4.432614295661297e-07
49.36036036036036,4.3745121977779136e-07
49.45945945945946,4.317116659292024e-07
49.55855855855856,4.260419676963474e-07
49.65765765765766,4.2044133320974276e-07
49.75675675675676,4.149089789714801e-07
49.85585585585586,4.0944412977301147e-07
49.95495495495496,4.040460186136872e-07
50.054054054054056,3.987138866200057e-07
50.153153153153156,3.934469829656147e-07
50.252252252252255,3.8824456479201887e-07
50.351351351351354,3.8310589713000774e-07
50.450450450450454,3.780302528218011e-07
50.54954954954955,3.7301691244389265e-07
50.648648648648646,3.6806516423059336e-07
50.747747747747745,3.6317430399826934e-07
50.846846846846844,3.583436350702751e-07
50.945945945945944,3.5357246820255487e-07
51.04504504504504,3.488601215099344e-07
51.14414414414414,3.442059203930774e-07
51.24324324324324,3.396091974661103e-07
51.34234234234234,3.3506929248490844e-07
51.44144144144144,3.305855522760343e-07
51.54054054054054,3.261573306663302e-07
51.63963963963964,3.2178398841315067e-07
51.73873873873874,3.1746489313524083e-07
51.83783783783784,3.131994192442413e-07
51.93693693693694,3.089869478768288e-07
52.03603603603604,3.04826866827477e-07
52.13513513513514,3.007185704818329e-07
52.234234234234236,2.9666145975071827e-07
52.333333333333336,2.9265494200472544e-07
52.432432432432435,2.8869843100942415e-07
52.531531531531535,2.847913468611671e-07
52.630630630630634,2.80933115923489e-07
52.72972972972973,2.771231707640899e-07
52.82882882882883,2.733609500924058e-07
52.927927927927925,2.6964589869776026e-07
53.027027027027025,2.659774673880833e-07
53.126126126126124,2.6235511292920677e-07
53.22522522522522,2.587782979847199e-07
53.32432432432432,2.5524649105638575e-07
53.42342342342342,2.517591664251118e-07
53.52252252252252,2.4831580409247574e-07
53.62162162162162,2.4491588972278715e-07
53.72072072072072,2.4155891458570134e-07
53.81981981981982,2.3824437549936283e-07
53.91891891891892,2.3497177477408538e-07
54.01801801801802,2.3174062015655237e-07
54.11711711711712,2.2855042477455196e-07
54.21621621621622,2.2540070708221992e-07
54.31531531531532,2.2229099080580323e-07
54.414414414414416,2.1922080488992977e-07
54.513513513513516,2.1618968344439e-07
54.612612612612615,2.1319716569141035e-07
54.711711711711715,2.1024279591343317e-07
54.810810810810814,2.073261234013833e-07
54.90990990990991,2.044467024034261e-07
55.00900900900901,2.0160409207421073e-07
55.108108108108105,1.987978564245896e-07
55.207207207207205,1.9602756427181784e-07
55.306306306306304,1.9329278919022492e-07
55.4054054054054,1.9059310946235295e-07
55.5045045045045,1.8792810803055648e-07
55.6036036036036,1.8529737244907068e-07
55.7027027027027,1.8270049483652435e-07
55.8018018018018,1.8013707182891516e-07
55.9009009009009,1.7760670453302684e-07
56.0,1.7510899848029188e-07
56.0990990990991,1.7264356358109822e-07
56.1981981981982,1.7021001407952767e-07
56.2972972972973,1.678079685085316e-07
56.3963963963964,1.6543704964553127e-07
56.4954954954955,1.6309688446844919e-07
56.5945945945946,1.6078710411215534e-07
56.693693693693696,1.5850734382533845e-07
56.792792792792795,1.562572429277867e-07
56.891891891891895,1.5403644476808126e-07
56.990990990990994,1.5184459668169676e-07
57.090090090090094,1.496813499495035e-07
57.18918918918919,1.4754635975667433e-07
57.288288288288285,1.454392851519832e-07
57.387387387387385,1.4335978900749638e-07
57.486486486486484,1.413075379786626e-07
57.585585585585584,1.3928220246477318e-07
57.68468468468468,1.3728345656982136e-07
57.78378378378378,1.353109780637303e-07
57.88288288288288,1.3336444834396098e-07
57.98198198198198,1.3144355239749206e-07
58.08108108108108,1.2954797876317038e-07
58.18018018018018,1.2767741949442462e-07
58.27927927927928,1.2583157012234675e-07
58.37837837837838,1.240101296191275e-07
58.47747747747748,1.2221280036185107e-07
58.57657657657658,1.204392880966444e-07
58.67567567567568,1.1868930190317426e-07
58.77477477477478,1.1696255415949156e-07
58.873873873873876,1.1525876050722116e-07
58.972972972972975,1.1357763981709125e-07
59.072072072072075,1.1191891415479981e-07
59.171171171171174,1.102823087472177e-07
59.270270270270274,1.0866755194892158e-07
59.36936936936937,1.0707437520905691e-07
59.468468468468465,1.0550251303852746e-07
59.567567567567565,1.0395170297750274e-07
59.666666666666664,1.0242168556325396e-07
59.765765765765764,1.0091220429829887e-07
59.86486486486486,9.942300561886467e-08
59.96396396396396,9.795383886366326e-08
60.06306306306306,9.650445624297112e-08
60.16216216216216,9.507461280801936e-08
60.26126126126126,9.366406642068284e-08
60.36036036036036,9.227257772347409e-08
60.45945945945946,9.089991010982778e-08
60.55855855855856,8.954582969468899e-08
60.65765765765766,8.82101052853845e-08
60.75675675675676,8.689250835279052e-08
60.85585585585586,8.559281300278264e-08
60.95495495495496,8.431079594797368e-08
61.054054054054056,8.304623647972945e-08
61.153153153153156,8.179891644046557e-08
61.252252252252255,8.056862019622215e-08
61.351351351351354,7.935513460950751e-08
61.450450450450454,7.815824901242003e-08
61.54954954954955,7.69777551800319e-08
61.64864864864865,7.581344730404524e-08
61.747747747747745,7.466512196670862e-08
61.846846846846844,7.353257811499586e-08
61.945945945945944,7.241561703504515e-08
62.04504504504504,7.131404232685291e-08
62.14414414414414,7.022765987922472e-08
62.24324324324324,6.91562778449754e-08
62.34234234234234,6.809970661637932e-08
62.44144144144144,6.705775880087144e-08
62.54054054054054,6.603024919698787e-08
62.63963963963964,6.501699477055409e-08
62.73873873873874,6.401781463111068e-08
62.83783783783784,6.303253000857938e-08
62.93693693693694,6.206096423016286e-08
63.03603603603604,6.110294269748109e-08
63.13513513513514,6.015829286393762e-08
63.234234234234236,5.92268442123152e-08
63.333333333333336,5.830842823260087e-08
63.432432432432435,5.740287840003334e-08
63.531531531531535,5.651003015337638e-08
63.630630630630634,5.562972087341035e-08
63.72972972972973,5.476178986164621e-08
63.82882882882883,5.3906078319253367e-08
63.927927927927925,5.306242932620347e-08
64.02702702702703,5.2230687820628054e-08
64.12612612612612,5.1410700578385145e-08
64.22522522522522,5.060231619283683e-08
64.32432432432432,4.9805385054831456e-08
64.42342342342343,4.9019759332893376e-08
64.52252252252252,4.824529295361367e-08
64.62162162162161,4.74818415822416e-08
64.72072072072072,4.6729262603477635e-08
64.81981981981983,4.5987415102462356e-08
64.91891891891892,4.52561598459599e-08
65.01801801801801,4.453535926373646e-08
65.11711711711712,4.382487743012957e-08
65.21621621621621,4.312458004580858e-08
65.31531531531532,4.2434334419721033e-08
65.41441441441441,4.175400945122738e-08
65.51351351351352,4.108347561241933e-08
65.61261261261261,4.0422604930621206e-08
65.71171171171171,3.9771270971071776e-08
65.8108108108108,3.91293488197865e-08
65.90990990990991,3.849671506659544e-08
66.009009009009,3.787324778836e-08
66.10810810810811,3.725882653236021e-08
66.2072072072072,3.6653332299858065e-08
66.30630630630631,3.6056647529828856e-08
66.4054054054054,3.546865608286326e-08
66.50450450450451,3.488924322523692e-08
66.6036036036036,3.431829561314538e-08
66.70270270270271,3.375570127710396e-08
66.8018018018018,3.320134960651017e-08
66.90090090090091,3.265513133436696e-08
67.0,3.211693852216662e-08
67.0990990990991,3.1586664544931476e-08
67.1981981981982,3.106420407641285e-08
67.29729729729729,3.0549453074442735e-08
67.3963963963964,3.0042308766441366e-08
67.49549549549549,2.9542669635075733e-08
67.5945945945946,2.9050435404068285e-08
67.69369369369369,2.8565507024155862e-08
67.7927927927928,2.8087786659195173e-08
67.89189189189189,2.7617177672415532e-08
67.990990990991,2.7153584612815522e-08
68.09009009009009,2.669691320170359e-08
68.1891891891892,2.624707031938023e-08
68.28828828828829,2.5803963991961405e-08
68.38738738738739,2.536750337834018e-08
68.48648648648648,2.4937598757287804e-08
68.58558558558559,2.451416151468908e-08
68.68468468468468,2.4097104130915186e-08
68.78378378378379,2.368634016832876e-08
68.88288288288288,2.328178425892232e-08
68.98198198198199,2.288335209208731e-08
69.08108108108108,2.249096040251394e-08
69.18018018018019,2.2104526958218743e-08
69.27927927927928,2.1723970548700194e-08
69.37837837837839,2.1349210973220017e-08
69.47747747747748,2.0980169029209753e-08
69.57657657657657,2.06167665008004e-08
69.67567567567568,2.025892614747562e-08
69.77477477477477,1.990657169284477e-08
69.87387387387388,1.9559627813536736e-08
69.97297297297297,1.9218020128212598e-08
70.07207207207207,1.8881675186695583e-08
70.17117117117117,1.855052045921805e-08
70.27027027027027,1.822448432578309e-08
70.36936936936937,1.7903496065640763e-08
70.46846846846847,1.7587485846877156e-08
70.56756756756756,1.7276384716115808e-08
70.66666666666667,1.6970124588329394e-08
70.76576576576576,1.666863823676092e-08
70.86486486486487,1.6371859282954206e-08
70.96396396396396,1.6079722186891775e-08
71.06306306306307,1.5792162237238208e-08
71.16216216216216,1.5509115541690163e-08
71.26126126126127,1.5230519017430024e-08
71.36036036036036,1.495631038168267e-08
71.45945945945947,1.4686428142374826e-08
71.55855855855856,1.4420811588895486e-08
71.65765765765765,1.415940078295659e-08
71.75675675675676,1.390213654955239e-08
71.85585585585585,1.364896046801799e-08
71.95495495495496,1.3399814863184055e-08
72.05405405405405,1.3154642796628057e-08
72.15315315315316,1.2913388058021164e-08
72.25225225225225,1.267599515656888e-08
72.35135135135135,1.2442409312544812e-08
72.45045045045045,1.2212576448917947e-08
72.54954954954955,1.1986443183069952e-08
72.64864864864865,1.1763956818603591e-08
72.74774774774775,1.154506533724106e-08
72.84684684684684,1.1329717390810846e-08
72.94594594594595,1.1117862293321337e-08
73.04504504504504,1.0909450013123338e-08
73.14414414414415,1.0704431165156418e-08
73.24324324324324,1.0502757003282119e-08
73.34234234234235,1.0304379412700145e-08
73.44144144144144,1.0109250902449007e-08
73.54054054054055,9.917324597988192e-09
73.63963963963964,9.728554233862939e-09
73.73873873873875,9.542894146449326e-09
73.83783783783784,9.36029926677946e-09
73.93693693693693,9.18072511344625e-09
74.03603603603604,9.00412778558585e-09
74.13513513513513,8.830463955938684e-09
74.23423423423424,8.659690863986363e-09
74.33333333333333,8.49176630916528e-09
74.43243243243244,8.326648644154818e-09
74.53153153153153,8.164296768240815e-09
74.63063063063063,8.004670120751715e-09
74.72972972972973,7.847728674568795e-09
74.82882882882883,7.693432929707517e-09
74.92792792792793,7.541743906970787e-09
75.02702702702703,7.3926231416733735e-09
75.12612612612612,7.246032677435154e-09
75.22522522522523,7.1019350600445895e-09
75.32432432432432,6.960293331390448e-09
75.42342342342343,6.821071023461187e-09
75.52252252252252,6.6842321524112936e-09
75.62162162162163,6.549741212694742e-09
75.72072072072072,6.417563171263235e-09
75.81981981981983,6.287663461830278e-09
75.91891891891892,6.16000797919919e-09
76.01801801801801,6.03456307365473e-09
76.11711711711712,5.911295545418117e-09
76.21621621621621,5.790172639164178e-09
76.31531531531532,5.671162038600106e-09
76.41441441441441,5.554231861105625e-09
76.51351351351352,5.439350652433331e-09
76.61261261261261,5.3264873814687735e-09
76.71171171171171,5.215611435049978e-09
76.8108108108108,5.106692612845328e-09
76.90990990990991,4.999701122289489e-09
77.009009009009,4.894607573576417e-09
77.10810810810811,4.7913829747095725e-09
77.2072072072072,4.6899987266076836e-09
77.30630630630631,4.590426618266556e-09
77.4054054054054,4.492638821975581e-09
77.50450450450451,4.396607888588557e-09
77.6036036036036,4.302306742848565e-09
77.70270270270271,4.209708678765782e-09
77.8018018018018,4.118787355048354e-09
77.90090090090091,4.029516790584867e-09
78.0,3.941871359978836e-09
78.0990990990991,3.85582578913394e-09
78.1981981981982,3.771355150889967e-09
78.29729729729729,3.6884348607084587e-09
78.3963963963964,3.6070406724077373e-09
78.49549549549549,3.5271486739472854e-09
78.5945945945946,3.4487352832598645e-09
78.69369369369369,3.3717772441318456e-09
78.7927927927928,3.2962516221308684e-09
78.89189189189189,3.22213580058022e-09
78.990990990991,3.149407476579634e-09
79.09009009009009,3.0780446570718596e-09
79.1891891891892,3.0080256549547302e-09
79.28828828828829,2.9393290852378657e-09
79.38738738738739,2.8719338612438963e-09
79.48648648648648,2.8058191908537927e-09
79.58558558558559,2.740964572795195e-09
79.68468468468468,2.677349792974075e-09
79.78378378378379,2.6149549208487464e-09
79.88288288288288,2.5537603058461054e-09
79.98198198198199,2.4937465738191547e-09
80.08108108108108,2.4348946235460533e-09
80.18018018018019,2.3771856232696134e-09
80.27927927927928,2.3206010072772186e-09
80.37837837837839,2.2651224725204675e-09
80.47747747747748,2.210731975274364e-09
80.57657657657657,2.157411727835353e-09
80.67567567567568,2.105144195258061e-09
80.77477477477477,2.053912092130009e-09
80.87387387387388,2.0036983793842164e-09
80.97297297297297,1.9544862611490993e-09
81.07207207207207,1.906259181635132e-09
81.17117117117117,1.8590008220583236e-09
81.27027027027027,1.8126950975994233e-09
81.36936936936937,1.7673261543993441e-09
81.46846846846847,1.7228783665893525e-09
81.56756756756756,1.679336333356772e-09
81.66666666666667,1.6366848760448593e-09
81.76576576576576,1.5949090352870569e-09
81.86486486486487,1.55399406817503e-09
81.96396396396396,1.5139254454601937e-09
82.06306306306307,1.4746888487882441e-09
82.16216216216216,1.4362701679665028e-09
82.26126126126127,1.3986554982635535e-09
82.36036036036036,1.361831137740989e-09
82.45945945945947,1.325783584616704e-09
82.55855855855856,1.2904995346596292e-09
82.65765765765765,1.2559658786152744e-09
82.75675675675676,1.2221696996620575e-09
82.85585585585585,1.1890982708978546e-09
82.95495495495496,1.1567390528565094e-09
83.05405405405405,1.1250796910539481e-09
83.15315315315316,1.0941080135637055e-09
83.25225225225225,1.0638120286212564e-09
83.35135135135135,1.0341799222571762e-09
83.45045045045045,1.0052000559585037e-09
83.54954954954955,9.768609643582608e-10
83.64864864864865,9.491513529525488e-10
83.74774774774775,9.220600958451886e-10
83.84684684684684,8.95576233519399e-10
83.94594594594595,8.696889706362599e-10
84.04504504504504,8.443876738597366e-10
84.14414414414415,8.196618697078784e-10
84.24324324324324,7.95501242429981e-10
84.34234234234235,7.718956319092961e-10
84.44144144144144,7.488350315912057e-10
84.54054054054055,7.26309586436359e-10
84.63963963963964,7.043095908986493e-10
84.73873873873875,6.828254869276626e-10
84.83783783783784,6.618478619954014e-10
84.93693693693693,6.413674471469237e-10
85.03603603603604,6.213751150747081e-10
85.13513513513513,6.01861878216436e-10
85.23423423423424,5.82818886875942e-10
85.33333333333333,5.642374273670293e-10
85.43243243243244,5.461089201800316e-10
85.53153153153153,5.284249181706661e-10
85.63063063063063,5.111771047710496e-10
85.72972972972973,4.943572922226322e-10
85.82882882882883,4.779574198307962e-10
85.92792792792793,4.6196955224078913e-10
86.02702702702703,4.463858777348266e-10
86.12612612612612,4.3119870655020103e-10
86.22522522522523,4.164004692179285e-10
86.32432432432432,4.0198371492199573e-10
86.42342342342343,3.879411098786793e-10
86.52252252252252,3.742654357360023e-10
86.62162162162163,3.6094958799277745e-10
86.72072072072072,3.479865744373675e-10
86.81981981981983,3.3536951360560873e-10
86.91891891891892,3.230916332579337e-10
87.01801801801803,3.1114626887528385e-10
87.11711711711712,2.9952686217377933e-10
87.21621621621621,2.882269596377456e-10
87.31531531531532,2.7724021107103275e-10
87.41441441441441,2.6656036816633104e-10
87.51351351351352,2.5618128309236173e-10
87.61261261261261,2.460969070986323e-10
87.71171171171171,2.363012891376056e-10
87.8108108108108,2.267885745041559e-10
87.90990990990991,2.1755300349195951e-10
88.009009009009,2.0858891006677173e-10
88.10810810810811,1.9989072055631137e-10
88.2072072072072,1.914529523565679e-10
88.30630630630631,1.8327021265439452e-10
88.4054054054054,1.753371971661385e-10
88.50450450450451,1.676486888921655e-10
88.6036036036036,1.6019955688705732e-10
88.70270270270271,1.5298475504534688e-10
88.8018018018018,1.459993209025691e-10
88.90090090090091,1.3923837445147681e-10
89.0,1.3269711697324665e-10
89.0990990990991,1.2637082988346113e-10
89.1981981981982,1.202548735927609e-10
89.29729729729729,1.1434468638193451e-10
89.3963963963964,1.0863578329133146e-10
89.49549549549549,1.031237550243778e-10
89.5945945945946,9.780426686509071e-11
89.69369369369369,9.267305760935771e-11
89.7927927927928,8.772593850988533e-11
89.89189189189189,8.295879223463374e-11
89.990990990991,7.83675718385559e-11
90.09009009009009,7.394829974851427e-11
90.1891891891892,6.969706676123533e-11
90.28828828828829,6.561003105408401e-11
90.38738738738739,6.168341720858784e-11
90.48648648648648,5.7913515246512486e-11
90.58558558558559,5.429667967833753e-11
90.68468468468468,5.082932856402893e-11
90.78378378378379,4.750794258591273e-11
90.88288288288288,4.4329064133539844e-11
90.98198198198199,4.128929640039493e-11
91.08108108108108,3.838530249230823e-11
91.18018018018019,3.561380454740941e-11
91.27927927927928,3.297158286754039e-11
91.37837837837839,3.045547506093061e-11
91.47747747747748,2.806237519604822e-11
91.57657657657657,2.5789232966463974e-11
91.67567567567568,2.363305286661441e-11
91.77477477477477,2.1590893378333298e-11
91.87387387387388,1.9659866168013278e-11
91.97297297297297,1.7837135294280725e-11
92.07207207207207,1.6119916426057044e-11
92.17117117117117,1.4505476070879471e-11
92.27027027027027,1.2991130813358844e-11
92.36936936936937,1.1574246563659709e-11
92.46846846846847,1.0252237815876114e-11
92.56756756756756,9.022566916187658e-12
92.66666666666667,7.882743340673842e-12
92.76576576576576,6.8303229826836036e-12
92.86486486486487,5.862907449628083e-12
92.96396396396396,4.978143369099186e-12
93.06306306306307,4.173721704190856e-12
93.16216216216216,3.447377077918023e-12
93.26126126126127,2.796887106620891e-12
93.36036036036036,2.220071742250919e-12
93.45945945945947,1.7147926234223692e-12
93.55855855855856,1.278952435134582e-12
93.65765765765765,9.104942770506675e-13
93.75675675675676,6.074010402344952e-13
93.85585585585585,3.676947922434527e-13
93.95495495495496,1.8943617047185117e-13
94.05405405405405,7.072378364888986e-14
94.15315315315316,9.693621390094124e-15
94.25225225225225,4.518471705027411e-15
94.35135135135135,5.340734636384476e-14
94.45045045045045,1.546049140275237e-13
94.54954954954955,3.0639094104684657e-13
94.64864864864865,5.070797398365646e-13
94.74774774774775,7.550196247319652e-13
94.84684684684684,1.0485923752369257e-12
94.94594594594595,1.3862127065724726e-12
95.04504504504504,1.7663277474360601e-12
95.14414414414415,2.187416524883998e-12
95.24324324324324,2.647989456249414e-12
95.34234234234235,3.1465878480085463e-12
95.44144144144144,3.681783401508915e-12
95.54054054054055,4.252177725480305e-12
95.63963963963964,4.856401855236075e-12
95.73873873873875,5.493115778490234e-12
95.83783783783784,6.161007967704775e-12
95.93693693693693,6.858794918885119e-12
96.03603603603604,7.585220696750355e-12
96.13513513513513,8.339056486188334e-12
96.23423423423424,9.11910014993137e-12
96.33333333333333,9.924175792360969e-12
96.43243243243244,1.0753133329379046e-11
96.53153153153153,1.1604848064258026e-11
96.63063063063063,1.2478220269404573e-11
96.72972972972973,1.337217477395922e-11
96.82882882882883,1.4285660557156097e-11
96.92792792792793,1.5217650347378176e-11
97.02702702702703,1.61671402268318e-11
97.12612612612612,1.713314924176967e-11
97.22522522522523,1.8114719018193824e-11
97.32432432432432,1.911091338297388e-11
97.42342342342343,2.0120817990303254e-11
97.52252252252252,2.1143539953436904e-11
97.62162162162163,2.2178207481636248e-11
97.72072072072072,2.322396952225949e-11
97.81981981981983,2.4279995407929043e-11
97.91891891891892,2.5345474508719243e-11
98.01801801801803,2.6419615889290747e-11
98.11711711711712,2.750164797091661e-11
98.21621621621621,2.8590818198336157e-11
98.31531531531532,2.968639271137075e-11
98.41441441441441,3.0787656021257206e-11
98.51351351351352,3.189391069160594e-11
98.61261261261261,3.300447702396695e-11
98.71171171171171,3.411869274791122e-11
98.8108108108108,3.52359127155891e-11
98.90990990990991,3.6355508600696366e-11
99.009009009009,3.747686860179804e-11
99.10810810810811,3.8599397149964525e-11
99.2072072072072,3.9722514620634354e-11
99.30630630630631,4.08456570496843e-11
99.4054054054054,4.196827585363228e-11
99.50450450450451,4.3089837553921374e-11
99.6036036036036,4.4209823505243743e-11
99.70270270270271,4.53277296278343e-11
99.8018018018018,4.6443066143703105e-11
99.90090090090091,4.755535731673798e-11
100.0,4.866414119664309e-11
